iso3,Country Name,Unit,1995,1996,1997,1998,1999,2000,2001,2002,2003,2004,2005,2006,2007,2008,2009,2010,2011,2012,2013,2014,o1995,o1996,o1997,o1998,o1999,o2000,o2001,o2002,o2003,o2004,o2005,o2006,o2007,o2008,o2009,o2010,o2011,o2012,o2013,o2014
AFG,Afghanistan,US$ Mn,0,0,0,0,0,0,0,0,0,0,0,0,0,14,30,84,83,104,114,82,0,0,0,0,0,0,0,0,0,0,0,0,0,32,59,100,260,98,132,111
ALB,Albania,US$ Mn,65,77,27,54,211,389,446,487,522,735,854,1012,1378,1713,1829,1613,1632,1464,1473,1700,7,12,5,5,12,272,257,365,489,642,786,965,1268,1555,1586,1362,1565,1284,1479,1590
DZA,Algeria,US$ Mn,32,45,28,74,80,102,100,111,112,178,184,220,219,323,246,220,209,217,250,258,186,188,144,269,251,193,194,248,255,341,370,349,376,468,456,601,527,529,471,612
AGO,Angola,US$ Mn,10,9,9,8,13,18,22,37,49,66,88,75,225,285,534,719,646,706,1234,1589,75,73,98,75,127,136,66,19,12,39,74,148,212,254,133,148,180,159,166,113
AIA,Anguilla,US$ Mn,50,51,60,62,58,56,62,57,64,69,86,107,115,109,94,99,112,113,122,0,0,6,6,7,8,8,9,9,8,9,9,10,13,15,17,16,13,13,12,12,0,0
ATG,Antigua and Barbuda,US$ Mn,247,258,278,282,290,291,272,274,300,337,309,327,338,334,305,298,312,319,299,0,0,23,26,27,29,30,31,32,33,35,38,40,45,52,58,54,51,49,49,50,0,0
ARG,Argentina,US$ Mn,2222,2621,2778,3025,2898,2904,2642,1535,2006,2235,2729,3344,4314,4645,3960,4942,5354,4887,4313,4624,3278,3584,3962,4230,4195,4425,3893,2328,2511,2604,2790,3099,3921,4561,4494,4878,5542,5905,5569,5362
ARM,Armenia,US$ Mn,1,12,20,24,31,38,65,63,73,171,223,370,484,518,530,646,722,817,880,966,3,22,41,41,37,40,40,54,67,179,207,265,379,435,443,579,687,803,930,1024
ABW,Aruba,US$ Mn,521,620,689,741,729,814,822,834,858,1056,1097,1064,1213,1351,1222,1251,1351,1402,1501,1612,73,120,156,135,140,146,135,159,188,218,226,218,251,250,243,243,269,275,319,329
AUS,Australia,US$ Mn,8130,9519,9456,8131,9256,9289,9224,9971,12438,15214,16750,17538,21774,23986,24566,28472,31556,31913,31303,31948,5165,5920,6261,5935,6227,6387,5860,6072,7270,10242,11749,12537,16454,19617,18738,22558,27371,28078,28576,26325
AUT,Austria,US$ Mn,13435,12830,11018,11241,10847,9899,9948,10803,13307,15150,16243,16512,18559,21632,19156,18757,19778,18937,20220,20907,10887,11015,10062,9581,6727,6232,6579,6901,8623,9237,9316,9628,10560,11431,10815,10122,10550,9992,10254,10849
AZE,Azerbaijan,US$ Mn,70,46,162,125,81,63,43,51,58,65,78,117,178,191,379,657,1287,2433,2365,2432,146,100,186,170,139,132,109,105,111,126,164,201,264,343,406,782,1689,2477,2877,3008
BHS,Bahamas,US$ Mn,1346,1398,1416,1354,1583,1738,1648,1760,1757,1884,2071,2056,2187,2144,2014,2147,2142,2311,2285,2447,213,235,250,256,276,261,256,244,305,316,344,385,377,305,240,228,246,286,262,237
BHR,Bahrain,US$ Mn,247,263,311,366,518,573,630,740,720,864,920,1048,1105,1166,1118,1362,1035,1051,1165,1197,122,109,122,142,212,224,250,380,372,387,414,455,479,503,408,506,718,729,713,718
BGD,Bangladesh,US$ Mn,25,33,62,52,50,50,48,57,57,67,75,79,80,59,81,87,87,103,129,153,234,135,178,151,211,290,165,113,165,161,141,142,156,193,265,266,332,304,350,414
BRB,Barbados,US$ Mn,622,659,663,712,687,723,697,658,758,775,1073,1228,1217,1237,1112,1071,970,929,973,0,0,71,74,79,82,87,94,101,99,104,108,217,222,212,205,216,274,65,47,43,0,0
BLR,Belarus,US$ Mn,23,55,25,22,12,93,211,234,267,270,253,286,324,363,370,440,487,685,791,868,87,119,114,124,116,216,454,493,399,450,448,586,606,716,639,622,588,789,1153,1159
BEL,Belgium,US$ Mn,4548,4844,4529,4623,6472,6592,6887,6935,8193,9208,9845,10311,11017,12018,11423,11395,12742,12504,13278,13989,8115,8591,7895,8311,9775,9429,9776,10185,12210,13956,14948,15574,17506,19514,19045,18866,20658,20174,21850,23811
BLZ,Belize,US$ Mn,78,93,95,99,101,111,111,121,150,168,214,260,289,278,256,264,248,298,351,380,21,26,18,21,36,40,42,44,46,43,42,41,43,41,41,36,34,37,40,49
BEN,Benin,US$ Mn,85,79,56,64,94,77,85,93,106,118,103,116,206,236,131,149,180,170,189,0,0,35,29,16,20,26,12,17,20,21,29,27,34,72,64,53,57,53,43,39,0,0
BMU,Bermuda,US$ Mn,488,472,478,487,479,431,351,378,348,426,429,495,569,431,366,442,493,441,439,412,0,0,0,0,0,0,0,243,248,217,239,268,288,307,295,301,216,221,222,253
BTN,Bhutan,US$ Mn,0,0,0,0,0,0,0,0,0,0,0,23,28,37,42,40,47,61,83,89,0,0,0,0,0,0,0,0,0,0,0,22,26,64,33,41,56,68,64,39
BOL,Bolivia,US$ Mn,55,61,64,69,87,68,76,100,166,192,239,244,292,275,279,310,380,594,574,652,48,54,57,60,75,77,83,80,138,164,186,273,304,281,290,313,298,361,521,831
BES,Bonaire,US$ Mn,37,42,44,43,45,59,64,65,84,87,87,91,110,121,107,0,0,0,0,0,0,0,0,0,10,8,3,2,2,3,6,5,5,6,7,7,0,0,0,0,0,0
BIH,Bosnia and Herzegovina,US$ Mn,0,0,0,247,245,233,265,288,377,481,519,607,724,825,674,589,635,615,685,707,0,0,0,81,83,73,74,85,106,117,122,170,203,281,231,194,160,139,133,135
BWA,Botswana,US$ Mn,162,93,136,175,234,222,230,319,457,581,562,537,546,58,52,78,33,34,110,0,0,145,78,92,126,147,198,204,184,230,276,282,277,281,52,79,88,81,72,47,0,0
BRA,Brazil,US$ Mn,972,718,977,1317,1626,1810,1731,1998,2479,3222,3861,4316,4953,5785,5305,5702,6555,6645,6704,6843,3391,4387,5419,5385,3085,3894,3199,2396,2261,2871,4720,5764,8211,10962,10898,16420,21264,22233,24987,25567
BRN,Brunei Darussalam,US$ Mn,0,0,0,0,0,0,155,113,124,181,191,224,233,242,254,0,0,92,0,0,0,0,0,0,0,0,0,456,398,469,382,374,408,430,459,477,0,0,591,0,0,0
BGR,Bulgaria,US$ Mn,473,388,369,966,932,1074,994,1096,1621,2202,2412,2612,3713,4306,3776,3773,3836,3523,3874,3967,195,199,222,519,526,538,589,717,1033,1363,1309,1478,1880,2311,1755,891,904,923,1113,1202
BFA,Burkina Faso,US$ Mn,0,0,0,0,0,19,20,25,24,40,45,53,56,62,66,72,75,84,153,0,0,0,0,0,0,0,20,22,22,31,39,46,55,58,63,64,69,72,77,144,0,0
BDI,Burundi,US$ Mn,1.4,1.2,0.6,0.4,0.7,0.8,0.5,1.1,0.7,1.2,1.5,1.3,1.3,1.3,1.5,1.8,2.5,1.5,2.29,0,0,25,12,4,3,2,14,12,14,15,23,60,125,104,144,62,20,31,25,34,0,0
KHM,Cambodia,US$ Mn,53,82,68,107,212,304,380,454,389,603,840,992,1020,1101,1336,1519,2084,2463,2660,2953,8,15,13,25,28,33,37,38,36,48,96,122,123,97,104,199,264,314,355,401
CMR,Cameroon,US$ Mn,36,104,84,85,60,57,73,62,182,158,175,181,226,156,270,159,409,349,576,0,0,105,134,136,160,152,205,160,171,171,323,355,412,368,410,389,186,529,518,612,0,0
CAN,Canada,US$ Mn,7917,8607,8819,9414,10203,10778,10623,10687,10602,13029,13651,14556,15604,15668,13733,15829,16834,17407,17656,17476,10260,11254,11480,10849,11499,12438,11961,11722,13337,15524,18021,20615,24641,27226,24038,29727,33388,35038,35170,33817
CPV,Cape Verde,US$ Mn,10,11,15,20,29,41,54,65,87,99,122,209,304,352,286,278,368,414,463,419,16,18,17,24,41,36,47,56,73,78,67,82,107,133,136,129,132,128,119,108
CAF,Central African Republic,US$ Mn,0,0,0,0,0,0,0,0,0,6.4,5,8,8.4,9,4.5,11,11,11,0,0,0,0,0,0,0,0,0,0,0,0,31,44,44,48,49,52,49,50,50,0,0,0
CHL,Chile,US$ Mn,911,931,1103,1105,911,819,799,898,883,1095,1109,1213,1477,1674,1604,1645,1889,2150,2181,2252,703,736,839,888,752,620,708,673,850,977,1051,1239,1660,1397,1167,1383,1624,1833,1867,2136
CHN,China,US$ Mn,8730,10200,12074,12602,14098,16231,17792,20385,17406,25739,29296,33949,37233,40843,39675,45814,48464,50028,51664,56913,3688,4474,8130,9205,10864,13114,13909,15398,15187,19149,21759,24322,29786,36157,43702,54880,72585,101977,128576,164859
COL,Colombia,US$ Mn,657,1120,1043,928,927,1030,1217,967,893,1061,1539,1915,1993,2342,2440,2797,3010,3460,3611,3825,878,1117,1209,1120,1013,1060,1164,1075,1062,1111,1499,1690,1904,2177,2252,2641,3032,3626,3941,4678
COM,Comoros,US$ Mn,0,0,0,0,0,0,0,0,0,0,24,27,30,37,32,35,42,39,0,0,0,0,0,0,0,0,0,0,0,0,0,10,11,15,15,17,19,21,20,0,0,0
COG,Congo,US$ Mn,14,11,10,9,13,12,22,25,29,22,40,45,54,0,61,63,72,73,38,0,0,52,78,65,54,63,50,65,70,78,103,112,132,168,0,197,205,246,258,236,0,0
CRI,Costa Rica,US$ Mn,681,710,742,914,1098,1302,1173,1161,1293,1459,1671,1707,2026,2283,1815,1999,2152,2488,2441,2865,323,336,348,409,447,485,364,345,353,406,470,485,634,593,367,424,405,422,425,461
CIV,Cote D'Ivoire,US$ Mn,89,93,90,98,100,49,53,51,69,82,83,93,103,116,151,201,180,172,181,0,0,190,221,200,213,222,189,187,358,387,381,354,373,372,356,343,352,380,364,381,0,0
HRV,Croatia,US$ Mn,1349,2014,2523.1,2733.4,2493,2758,3335,3811,6310,6727,7370,7990,9249,11214,8992,8069,9348,8683,9512,9863,422,510,530,600,751,568,606,781,672,848,754,737,985,1123,1014,832,881,926,903,846
CUB,Cuba,US$ Mn,963,1171,1311,1556,1695,1737,1692,1633,1846,1915,2322,2127,2141,2090,1899,2025,2283,2326,2325,2367,0,0,0,0,0,0,0,0,0,0,0,0,0,0,0,0,0,0,0,0
CUW,CuraÃ§ao,US$ Mn,0,0,0,0,0,0,0,0,0,0,0,0,327,378,361,385,453,543,583,627,0,0,0,0,0,0,0,0,0,0,0,0,203,203,209,226,267,278,293,318
CYP,Cyprus,US$ Mn,1798,1681,1659,1718,1911,1941,1993,1959,2097,2241,2318,2381,2686,2779,2195,2108,2594,2574,2888,0,0,330,365,385,408,431,413,428,512,611,811,932,967,1479,1593,1300,1116,1300,1285,1235,0,0
CZE,Czech Republic,US$ Mn,2880,4079,3620,3894,3153,2973,3104,2964,3566,4187,4813,5884,6915,8214,7241,7172,8096,7456,7042,6822,1635,2960,2355,1908,1493,1276,1386,1597,1934,2280,2405,2765,3577,4884,4255,4252,4789,4472,4637,5133
COD,Democratic Republic of the Congo,US$ Mn,0,0,0,0,0,0,0,0,0,0,3.2,3.1,0.7,0.7,24,10.7,11.4,6.9,8.4,0.35,0,0,0,0,0,0,0,0,0,0,54,93,109,127,121,150,298,108,170,283
DNK,Denmark,US$ Mn,3691,3420,3156,3236,3698,3671,4003,4791,5271,5652,5293,5562,5978,6281,5617,5704,6366,6135,6490,7002,4288,4140,4194,4577,4899,4669,4861,5838,6659,7279,6850,7486,8830,9698,8968,9082,9840,9600,10072,10172
DJI,Djibouti,US$ Mn,5.4,4.6,4.2,9.3,7.6,8.1,8.6,8.9,6.9,6.8,7.1,9.8,6.8,7.8,16,18,19.2,20.5,21.6,0,0,3.8,3.9,5,2.6,2.9,5.9,4,2.8,2.8,2.8,2.9,3.5,2.6,3.7,5.8,8.6,21,18.4,19.2,0,0
DMA,Dominica,US$ Mn,42,44,48,47,51,48,46,46,52,61,57,72,74,76,77,94,105,78,102,126,6,7,7,8,9,9,9,9,9,9,10,10,11,11,13,13,12,12,13,0,0
DOM,Dominican Republic,US$ Mn,1571,1781,2099,2153,2483,2860,2798,2730,3128,3152,3518,3917,4064,4166,4049,4163,4391,4687,5064,5637,173,198,221,254,264,309,291,295,272,310,352,333,326,327,359,395,396,399,378,414
ECU,Ecuador,US$ Mn,255,281,290,291,343,402,430,447,406,462,486,490,623,742,670,781,843,1033,1246,1482,235,219,227,241,271,299,340,364,354,391,429,466,504,542,549,568,594,611,621,635
EGY,Egypt,US$ Mn,2684,3204,3727,2565,3903,4345,3800,3764,4584,6125,6851,7591,9303,10985,10755,12528,8707,9940,6047,7208,1278,1317,1347,1153,1078,1072,1132,1266,1321,1257,1629,1784,2446,2915,2538,2240,2203,2618,3014,3140
SLV,El Salvador,US$ Mn,85,86,149,206,222,217,201,245,382,453,361,382,482,425,319,390,415,558,621,821,72,73,153,179,169,165,195,191,229,292,206,224,278,241,187,219,203,261,242,248
EST,Estonia,US$ Mn,357,484,473,539,549,508,507,555,671,887,971,1024,1036,1193,1090,1065,1256,1221,1626,1817,91,101,120,155,215,204,192,231,319,399,439,586,670,809,605,633,806,796,1056,1164
ETH,Ethiopia,US$ Mn,16,23,22,37,47,57,51,72,114,174,168,162,176,377,329,522,758,607,0,0,0,25,25,40,46,51,74,44,45,50,58,77,97,107,156,138,143,170,181,0,0,0
FJI,Fiji,US$ Mn,291,298,317,248,280,189,205,260,345,423,485,480,499,658,503,635,724,730,722,0,0,64,70,69,52,66,83,65,55,70,94,106,101,92,96,94,88,98,92,96,0,0
FIN,Finland,US$ Mn,1640,1636,1639,1630,1521,1406,1437,1577,1869,2067,2180,2380,2837,3232,2777,3040,3823,3874,4048,3599,2278,2285,2080,2062,2035,1852,1852,2006,2433,2821,3057,3424,3983,4546,4394,4304,4878,4885,5292,5286
FRA,France,US$ Mn,27587,28352,27402,29490,31239,32855,32181,35011,39389,44895,43947,46502,54210,57229,49576,46466,55115,53349,56463,57668,16358,17748,17490,18819,18501,22533,22616,23769,28059,30018,31354,32332,37905,40917,36961,38304,44695,39851,42944,48733
PYF,French Polynesia,US$ Mn,0,0,0,0,0,0,0,372,480,523,530,463,537,522,440,405,460,438,458,0,0,0,0,0,0,0,0,0,180,236,311,312,122,153,159,164,160,168,158,156,0,0
GAB,Gabon,US$ Mn,17,10,19,23,15,20,15,18,15,10,9,0,0,0,0,0,0,0,0,0,0,137,100,86,84,91,84,225,194,194,214,274,0,0,0,0,0,0,0,0,0,0
GMB,Gambia,US$ Mn,28,66,75,0,0,0,0,0,56,47,58,66,85,80,63,74,83,88,0,0,0,14,15,16,0,0,0,0,0,4,4,5,6,8,8,9,11,11,8,0,0,0
GEO,Georgia,US$ Mn,0,0,47,188,118,97,117,126,147,177,241,313,384,447,476,659,955,1411,1720,1787,0,0,156,226,130,110,107,149,130,147,169,167,176,203,181,199,213,256,294,299
DEU,Germany,US$ Mn,18036,17616,17702,18365,18231,18611,18031,19278,23125,27613,29121,32888,36101,39915,34724,34564,38902,38068,41285,43269,60260,59076,53667,54423,55879,52824,51917,53006,65234,71187,74189,74119,83154,91598,81399,77580,86166,83235,91318,93252
GHA,Ghana,US$ Mn,11,13,15,284,304,335,351,358,414,466,836,861,908,919,768,620,694,914,853,897,21,4,4,85,91,100,105,119,138,186,303,345,558,542,684,574,464,464,473,459
GRC,Greece,US$ Mn,4135,3723,3773,6188,8786,9219,9155,9909,10766,12715,13334,14402,15550,17416,14681,12479,14801,13216,16087,17813,1323,1210,1327,1756,3991,4558,4177,2436,2431,2872,3039,2997,3423,3930,3381,2854,3159,2365,2435,2754
GRD,Grenada,US$ Mn,76,79,78,83,88,93,83,91,104,86,71,94,129,127,112,112,117,122,120,0,0,5,5,6,6,7,8,8,8,8,9,10,16,16,11,10,10,10,11,11,0,0
GTM,Guatemala,US$ Mn,213,216,266,314,356,482,562,620,621,630,791,919,1055,1335,1359,1378,1350,1419,1479,1564,141,135,119,157,183,182,225,276,312,385,421,529,597,606,715,784,708,706,725,788
GIN,Guinea,US$ Mn,0.9,6.4,0.1,0.9,1.7,2,0.1,0,0,0,0,0,0.2,1.5,2.8,2,2.1,1.41,0,0,0,21,27,23,27,24,9,18,31,26,25,29,28,29,9,13,8,33,23,50,0,0
GNB,Guinea-Bissau,US$ Mn,0,0,3.1,0,0,0,2.7,2.3,1.8,1,1.6,2.8,28.4,38.2,12,13.3,14.1,6.7,17.4,0,0,3.8,2.9,1.5,0,0,0,2.8,5.1,13.3,13.1,9.8,15.5,40.2,45.6,25.7,29.4,31.5,19.8,27.2,0,0
GUY,Guyana,US$ Mn,33,109,112,108,106,75,61,49,26,27,35,37,50,59,35,80,95,64,77,79,21,59,62,63,75,69,55,38,26,30,40,49,58,52,52,73,79,82,81,77
HTI,Haiti,US$ Mn,90,96,107,131,135,128,105,108,96,93,80,126,190,360,416,383,456,447,546,578,35,37,35,0,0,18,18,18,42,72,55,56,56,64,63,63,62,64,62,61
HND,Honduras,US$ Mn,80,115,146,168,208,260,256,301,364,414,463,515,546,619,616,625,637,679,608,630,57,60,62,81,94,120,128,149,217,244,262,355,212,291,296,321,354,454,404,412
HKG,Hong Kong China,US$ Mn,9604,11994,9979,5651,5493,5868,5904,7410,7072,8918,10179,11509,13566,15018,15978,21689,27038,31205,36108,39243,10497,11461,12678,13474,13134,12502,12317,12418,11447,13270,13305,14044,15042,16095,15547,17357,19022,20077,21215,22032
HUN,Hungary,US$ Mn,2928,3562,3797,3646,3565,3733,4154,3728,4061,3914,4120,4254,4739,6443,5976,5587,5929,5057,5362,5868,1498,1482,1494,1476,1543,1651,1808,2133,2594,2421,2277,1879,2546,3225,2750,2404,2485,1886,1906,2036
ISL,Iceland,US$ Mn,186,176,173,207,222,227,232,256,319,370,413,478,601,624,550,562,751,865,1076,1367,282,308,323,396,436,471,372,371,523,697,980,1076,1326,1103,534,599,740,780,850,972
IND,India,US$ Mn,2582,2831,2890,2949,3010,3460,3198,3102,4463,6170,7493,8634,10730,11832,11136,14490,17708,17972,18397,19700,996,913,1342,1713,2010,2690,3006,2988,3585,4816,6187,6845,8219,9606,9310,10490,13699,12342,11571,14596
IDN,Indonesia,US$ Mn,5229,6184,6648,4255,4352,4975,5277,5285,4037,4798,4522,4448,5346,7377,5598,6958,7997,8324,9119,10261,2172,2399,2411,2102,2353,3197,3406,3289,3082,3507,3584,4030,4904,5554,5316,6395,6255,6771,7675,7682
IRN,Iran Islamic Republic of,US$ Mn,67,19,16,490,403,467,891,1357,1033,1044,791,1216,1677,1737,2055,2438,2350,1114,1294,0,0,241,258,382,153,632,668,708,3750,3842,4093,3724,4684,6809,7566,7805,9655,9778,6550,7258,0,0
IRQ,Iraq,US$ Mn,18,15,14,15,1,2,15,45,0,0,168,144,516,845,1405,1660,1543,1634,0,0,0,117,70,131,14,14,9,31,26,0,0,439,395,639,794,1207,1620,1836,2281,0,0,0
IRL,Ireland,US$ Mn,2211,2470,2578,3297,2621,2615,2791,3097,3862,4375,4782,5369,6074,6356,4960,4086,4212,3867,4426,4862,2034,2198,2210,3015,2631,2525,2858,3755,4736,5177,6074,6862,8656,10413,7820,7071,6723,5897,6112,6059
ISR,Israel,US$ Mn,2993,3053,3295,3157,4304,4114,2560,2145,2132,2476,2866,3262,3752,4758,4444,5106,5316,5446,5666,5695,2120,2278,2283,2473,2566,2804,2945,2543,2550,2796,2895,3198,3678,3687,3281,3707,3838,3752,3961,4238
ITA,Italy,US$ Mn,28731,30017,29714,29809,28350,27493,25822,26873,31247,35378,35319,38257,42660,46191,40375,38438,43241,40960,43829,45547,14829,15805,16631,17579,16891,15685,14795,16924,20589,20460,22370,23152,27329,30926,27947,26908,28727,26249,26950,28857
JAM,Jamaica,US$ Mn,1069,1092,1131,1197,1280,1333,1232,1209,1355,1438,1545,1870,1910,1976,1925,2001,2013,2069,2074,2255,148,157,181,198,227,209,206,258,252,286,249,273,298,268,216,193,159,180,173,195
JPN,Japan,US$ Mn,3224,4081,4329,3743,3431,3373,3306,3497,8848,11265,12430,8470,9345,10820,10329,13224,11000,14581,15093,18812,36764,37058,33009,28806,32772,31884,26531,26656,28958,38252,37565,26876,26511,27901,25199,27950,27262,27906,21861,19311
JOR,Jordan,US$ Mn,660,744,774,853,795,723,700,1048,1062,1330,1441,2060,2311,2943,2911,3585,3425,4061,4117,4376,425,381,398,451,355,350,378,453,452,524,585,837,883,1004,1064,1572,1161,1144,1096,1142
KAZ,Kazakhstan,US$ Mn,122,199,289,407,363,356,452,622,564,718,701,838,1014,1012,963,1005,1209,1347,1344,1321,283,319,445,498,394,408,673,757,669,844,753,821,1082,1078,1132,1273,1611,1685,1600,1687
KEN,Kenya,US$ Mn,423,462,655,725,705,283,309,276,347,486,579,687,917,752,690,800,926,935,881,811,192,169,145,155,182,132,143,126,127,108,124,178,265,266,227,212,197,174,233,206
KIR,Kiribati,US$ Mn,0,0,0,0,0,0,0,0,0,0,0,2.7,3.8,3.8,3.9,4.3,4.9,3.2,3.3,2.9,0,0,0,0,0,0,0,0,0,0,0,4.6,7.8,9.7,7.7,8.1,10.1,9.8,11.4,6
KOR,Korea Republic of,US$ Mn,5150,4880,4731,6908,6841,6834,6384,5936,5358,6069,5806,5725,6116,9751,9804,10328,12476,13429,14629,18147,6341,7482,6988,3470,4881,7132,7617,10465,10103,12350,15406,18809,21957,19056,15035,18766,19920,20645,21648,23465
KWT,Kuwait,US$ Mn,121,184,188,207,92,98,106,117,118,178,165,205,223,257,355,289,320,426,297,369,2248,2492,2377,2517,2270,2495,2842,3021,3348,3701,4532,5573,6636,7570,6189,6434,8064,9249,9653,11268
KGZ,Kyrgyzstan,US$ Mn,5,4,7,8,14,15,24,36,48,76,73,167,346,514,253,160,356,434,530,423,7,6,4,4,11,16,12,10,17,50,58,92,112,304,147,148,247,350,350,390
LAO,Lao People'S Democratic Republic,US$ Mn,51,62,58,95,82,114,104,107,74,119,139,158,189,276,268,382,406,451,596,642,30,22,21,23,12,8,0.1,0.3,1,4,5,9,8,41,83,203,237,232,398,0,0
LVA,Latvia,US$ Mn,20,215,192,182,118,131,119,161,222,267,341,480,672,801,724,640,771,745,865,954,24,373,326,305,268,247,223,230,328,377,584,704,927,1139,798,648,765,680,715,714
LBN,Lebanon,US$ Mn,0,0,0,0,0,0,0,4284,6374,5411,5532,4981,5216,5819,6774,7861,6545,6328,5872,6272,0,0,0,0,0,0,0,2683,2943,3170,2908,3006,3114,3564,4012,4515,4004,4200,4388,4999
LSO,Lesotho,US$ Mn,27,32,32,24,23,18,16,14,21,26,27,29,31,30,30,23,24,22,17,17,13,12,14,13,14,192,163,162,238,271,262,260,268,243,239,270,290,248,211,172
LBR,Liberia,US$ Mn,0,0,0,0,0,0,0,0,0,59,67,124,131,158,123,12,232,0,0,91,0,0,0,0,0,0,0,0,0,14,16,17,21,30,29,63,60,116,126,94
LBY,Libya,US$ Mn,2,2,2,7,27,75,78,181,205,218,250,190,74,74,50,60,0,0,0,0,0,76,67,269,281,402,397,445,586,557,603,680,668,889,1277,1587,2047,2269,2557,2425,0,0
LTU,Lithuania,US$ Mn,77,316,360,460,550,391,383,505,638,776,920,1038,1154,1248,972,958,1321,1317,1374,1383,106,266,277,292,341,253,219,326,471,636,743,909,1144,1530,1119,849,859,925,1069,1058
LUX,Luxembourg,US$ Mn,1695,1640,1639,1634,1697,1686,1780,2406,2994,3650,3517,3518,3991,4500,4182,4181,4525,4766,5035,4899,1193,1189,1115,1335,1316,1309,1464,1942,2423,2911,2959,3004,3410,3772,3594,3569,3513,3686,3948,3541
MAC,Macao China,US$ Mn,0,0,0,0,0,0,0,4205,5061,7206,7933,9749,13405,16948,18142,27802,38461,43860,51857,51009,0,0,0,0,0,0,0,492,455,512,552,575,695,828,915,1154,1374,1597,1703,1831
MDG,Madagascar,US$ Mn,58,65,74,92,100,121,115,64,76,157,183,233,270,348,255,307,476,559,574,0,0,59,72,80,119,111,115,130,160,64,93,74,85,97,141,111,104,150,108,134,0,0
MWI,Malawi,US$ Mn,18,26,28,24,38,25,25,33,54,62,29,26,29,31,33,31,31,31,29,32,39,50,70,39,47,50,40,78,57,60,54,55,57,61,63,61,61,65,62,74
MYS,Malaysia,US$ Mn,3969,4477,3741,2381,3588,5011,6863,7118,5901,8203,8846,10427,14050,15293,15798,18152,19649,20251,21500,22600,2314,2569,2590,1785,1973,2075,2614,2618,2846,3178,3711,4257,5601,6709,6508,8324,10180,12217,12236,12369
MDV,Maldives,US$ Mn,211,266,286,303,314,321,327,337,402,471,826,1235,1515,1559,1473,1713,1940,1958,2337,2645,31,38,40,42,45,46,45,46,46,56,70,78,122,167,174,205,184,164,198,228
MLI,Mali,US$ Mn,25,24,23,25,30,40,88,104,128,140,148,175,221,275,192,205,210,142,178,0,0,49,40,38,38,40,40,36,36,48,66,77,120,137,147,102,111,119,102,118,0,0
MLT,Malta,US$ Mn,656,632,635,653,667,587,561,614,722,767,755,767,965,1082,899,1066,1276,1260,1402,1521,214,219,190,193,201,200,180,154,215,255,268,320,237,307,291,309,333,339,384,397
MHL,Marshall Islands,US$ Mn,0,0,0,0,0,0,0,0,0,0,3.2,3.1,2.88,2.6,2.9,3.5,4.5,3.9,4.1,5.2,0,0,0,0,0,0,0,0,0,0,14.4,10.9,11.4,11.6,12.35,11.09,12.7,12.9,12.7,12.3
MRT,Mauritania,US$ Mn,11,19,21,20,28,0,0,0,0,0,0,0,0,0,0,0,0,48,41,37,23,36,48,42,55,0,0,0,0,0,0,0,0,0,0,0,0,59,58,62
MUS,Mauritius,US$ Mn,430,504,478,496,543,542,623,612,697,856,871,1005,1304,1454,1120,1285,1484,1480,1322,1447,159,179,173,185,187,182,198,204,216,255,275,327,357,452,354,398,400,366,438,481
MEX,Mexico,US$ Mn,6179,6756,7376,7493,7223,8294,8401,8858,9362,10796,11803,12177,12919,13370,11513,11992,11869,12739,13949,16208,3171,3387,3892,4209,4541,5499,5702,6060,6253,6959,7600,8108,8462,8568,7207,7255,7832,8449,9122,9606
FSM,Micronesia Federated States of,US$ Mn,0,0,0,0,0,0,0,0,0,0,0,0,0,0,22,24,22,22,24,0,0,0,0,0,0,0,0,0,0,0,0,0,0,0,0,10,12,12,13,12,0,0
MNG,Mongolia,US$ Mn,21,10,13,35,36,36,39,130,143,185,177,225,312,247,235,244,218,442,189,173,20,19,14,45,41,51,55,119,138,193,157,188,205,217,210,265,344,357,399,501
MNE,Montenegro,US$ Mn,0,0,0,0,0,0,0,0,0,0,0,0,630,813,745,713,875,809,880,908,0,0,0,0,0,0,0,0,0,0,0,0,37,43,49,46,39,39,48,47
MSR,Montserrat,US$ Mn,17,8,5,6,8,9,8,9,7,9,9,7.7,7.4,7,6.1,5.9,5.2,7,7.6,8.2,4,4,1,1,1,2,2,2,2,2,2.6,2.8,2.9,3.2,3,2.9,3.2,3,3.1,0,0
MAR,Morocco,US$ Mn,1296,1675,1446,1744,1949,2039,2583,2646,3221,3922,4610,5984,7181,7221,6626,6702,7321,6697,6851,0,0,302,300,315,423,452,425,389,444,548,574,612,693,880,1090,1106,1203,1363,1253,1318,0,0
MOZ,Mozambique,US$ Mn,0,49,61,61,61,74,64,63,98,95,130,140,163,190,196,108,138,189,199,207,0,68,82,97,136,108,114,113,140,134,176,179,180,208,212,216,230,187,241,253
MMR,Myanmar,US$ Mn,151,181,155,171,189,162,109,120,56,84,67,46,85,68,56,72,325,539,959,1612,18,28,33,27,21,25,27,29,32,29,31,37,36,49,52,53,123,257,115,121
NAM,Namibia,US$ Mn,278,293,333,288,287,160,236,218,333,405,349,381,434,382,405,439,518,485,411,408,90,89,99,88,89,86,71,65,101,123,108,118,132,114,121,146,207,154,124,150
NPL,Nepal,US$ Mn,177,161,146,189,173,158,144,103,199,230,131,128,200,335,413,344,383,351,436,478,136,125,103,78,71,73,80,69,81,154,163,185,274,381,434,402,320,413,422,493
NLD,Netherlands,US$ Mn,6578,6568,6299,6796,6977,7197,6708,7710,9163,10308,8770,9273,11313,12874,12063,11653,12897,12261,13751,14682,11674,12276,11227,12005,12029,12191,11994,12976,15265,16348,13724,14588,17277,19805,18628,19044,20741,19678,20355,21390
NCL,New Caledonia,US$ Mn,108,114,117,110,112,111,94,156,196,241,149,122,142,152,141,129,166,165,168,0,0,0,0,0,0,0,0,0,104,128,167,122,129,149,168,170,179,176,159,164,0,0
NZL,New Zealand,US$ Mn,2318,2553,2211,1857,2234,2272,2340,3159,4232,5098,6486,6148,7190,6961,5979,6523,7295,7142,7496,8400,1259,1466,1461,1383,1430,1235,1255,1386,1649,2229,2671,2535,3077,3006,2580,3039,3461,3715,3851,4106
NIC,Nicaragua,US$ Mn,50,54,80,100,125,129,135,135,160,192,206,231,255,301,334,313,390,421,417,445,40,60,65,70,78,78,76,69,75,89,91,97,178,220,192,119,135,136,143,161
NER,Niger,US$ Mn,7,25,28,27,25,23,30,20,27,31,43,36,41,79,66,105,51,50,58,0,0,13,45,38,35,31,26,26,17,22,22,30,28,29,68,54,92,40,36,47,0,0
NGA,Nigeria,US$ Mn,17,35,55,47,54,101,91,139,30,21,54,184,213,569,602,569,623,555,538,539,906,1304,1816,1567,620,591,831,881,1795,0,240,3279,5589,9779,5012,5566,6598,6141,5864,5269
NOR,Norway,US$ Mn,2238,2256,2135,2116,2278,2050,1958,2179,2500,2980,3494,3791,4503,4853,4199,4692,5329,5437,5655,5650,4232,4491,4448,4723,4894,4601,4410,5189,6716,8489,9678,10721,12121,14100,12101,13472,15823,16603,18465,18853
OMN,Oman,US$ Mn,0,193,192,206,206,221,385,393,385,411,429,544,648,796,689,780,995,1096,1221,1354,47,349,347,396,441,471,518,530,630,644,668,712,752,856,902,1001,1168,1281,1388,1854
PAK,Pakistan,US$ Mn,110,105,103,87,74,81,88,97,122,179,182,255,276,316,272,305,373,339,288,283,446,795,353,357,184,250,252,255,925,1268,1280,1545,1593,1518,685,925,1130,1414,1083,1217
PLW,Palau,US$ Mn,0,0,0,58,54,45,41,40,41,49,60,57,65,74,73,73,91,105,113,127,0,0,0,2,2,6.3,7.4,8.6,7.4,9,8,8.1,8.4,8.1,6.4,6,8.3,10.2,10.2,9.4
PSE,Palestine,US$ Mn,255,242,239,346,377,283,37,38,152,115,52,25,99,146,193,409,615,469,524,543,162,191,218,271,283,309,384,388,378,401,214,208,384,467,471,515,595,643,638,578
PAN,Panama,US$ Mn,309,360,377,382,396,458,477,513,585,651,780,960,1185,1408,1484,1745,2519,3013,3233,3470,121,140,165,181,190,188,174,179,208,239,271,271,307,366,338,398,505,515,619,892
PNG,Papua New Guinea,US$ Mn,25,14,8,15,6,7,5.2,2.8,4,5.8,3.6,3.9,4.2,2.1,2.1,2.3,4.9,2.4,3.6,2.7,58,72,78,52,53,50,38,60,52,71,56,16,21,29,113,119,161,155,153,125
PRY,Paraguay,US$ Mn,137,140,128,111,81,73,69,62,64,70,78,92,102,109,205,217,241,265,273,288,133,139,139,143,109,81,72,65,67,71,79,92,109,128,131,145,174,207,243,256
PER,Peru,US$ Mn,428,670,816,845,890,837,733,787,963,1142,1308,1570,1723,1991,2014,2008,2262,2443,3009,3001,297,350,434,453,443,423,545,606,641,643,752,798,968,1122,1088,1268,1356,1439,1601,1584
PHL,Philippines,US$ Mn,1136,1546,2341,1418,2578,2156,1742,1761,1544,2017,2287,3542,4961,2563,2370,2645,3198,4061,4690,5023,422,1266,1935,1950,1605,1642,1711,1626,1413,1275,3018,2754,3030,3789,3671,5487,5616,6548,7833,11763
POL,Poland,US$ Mn,6614,8444,8679,7946,6100,5677,4646,4314,4069,5833,6274,7239,10599,11824,9057,9576,10732,10985,11344,11234,5500,6240,5750,4430,3600,3315,3496,3278,3085,4776,5548,7224,7753,9904,7374,8570,8461,8758,8821,8868
PRT,Portugal,US$ Mn,4831,4791,4614,5470,5260,5243,5468,5798,6622,7672,7676,8416,10175,10980,9693,10006,11376,11001,12282,13777,2099,2292,2070,2329,2261,2228,2114,2125,2409,2763,3050,3340,3939,4328,3777,3906,4144,3784,4142,4407
PRI,Puerto Rico,US$ Mn,0,0,0,0,0,0,0,0,0,0,0,0,0,0,0,0,0,0,0,0,833,821,869,874,815,931,1004,928,985,1085,1143,1205,1192,1213,919,809,816,787,782,763
QAT,Qatar,US$ Mn,0,0,0,0,122,128,272,285,369,498,760,874,0,0,0,0,1170,2857,3456,4591,0,0,0,0,320,307,366,423,471,691,1759,3751,0,0,0,0,1807,5648,6616,8682
MDA,Republic of Moldova,US$ Mn,57,33,50,40,34,39,39,50,54,91,103,117,171,216,173,163,186,198,226,229,56,52,65,59,57,73,75,95,99,113,141,190,233,288,243,241,277,308,334,351
ROU,Romania,US$ Mn,590,529,526,260,252,359,362,335,449,503,1052,1308,1610,1991,1229,1136,1421,1463,1591,1826,697,665,681,458,402,425,449,396,479,539,925,1310,1543,2176,1472,1636,1966,1833,2059,2412
RUS,Russian Federation,US$ Mn,4312,7102,7164,6508,3723,3429,3572,4040,4502,5530,5870,7628,9447,11842,9366,8830,11328,10759,11988,11759,11599,10011,10113,8677,7097,8848,9285,10918,12880,15285,16972,17484,20424,23169,21019,26693,32902,42798,53453,50428
RWA,Rwanda,US$ Mn,2,4,17,19,17,23,25,31,30,44,49,132,152,186,174,202,252,282,294,304,10,13,13,16,18,22,20,24,26,31,37,41,47,70,72,77,89,79,101,0,0
KNA,Saint Kitts and Nevis,US$ Mn,63,68,72,71,69,58,62,57,75,103,121,132,125,110,83,90,94,95,101,110,5,5,6,6,7,9,8,8,8,10,11,14,12,15,11,13,14,15,16,16
LCA,Saint Lucia,US$ Mn,230,237,253,283,263,281,233,210,282,326,382,294,302,311,296,309,321,337,354,0,0,25,29,29,31,33,33,32,34,36,37,39,39,42,45,47,48,48,45,46,0,0
VCT,Saint Vincent and the Grenadines,US$ Mn,53,64,71,73,85,82,89,91,91,96,104,113,110,96,88,86,92,94,92,0,0,7,8,7,8,9,10,12,10,13,14,15,16,20,18,14,15,13,14,14,0,0
WSM,Samoa,US$ Mn,35,40,38,39,42,41,39,45,54,69,73,87,102,111,115,123,134,148,136,145,3,4,5,4,4,0,0,0,0,5,12.5,9.8,10.2,10.9,10.7,14.9,12.9,10,2.4,1.5
STP,Sao Tome and Principe,US$ Mn,0,0,0,4.1,9.2,9.9,6.2,6.9,7.4,7.7,7.3,6.7,5,7.7,8.3,11.1,15.9,15,30.6,56,0,0,0,0.6,0.6,0.6,0.6,0.5,0.5,0.6,0.05,0.2,0.1,0.01,0.01,0.05,0.35,2.4,1.2,16.5
SAU,Saudi Arabia,US$ Mn,0,0,0,0,0,0,0,0,0,6486,4626,4769,5971,5910,5995,6712,8459,7432,7651,8238,0,0,0,0,0,0,0,0,0,4428,9087,12979,20170,15129,20419,21135,17271,17023,17660,24118
SEN,Senegal,US$ Mn,168,156,162,172,174,144,174,190,209,211,242,250,531,543,463,453,468,407,439,0,0,72,53,53,54,54,47,43,43,55,57,65,54,253,175,156,160,151,144,150,0,0
SRB,Serbia,US$ Mn,42,43,45,40,19,30,54,0,0,0,0,0,866,942,866,799,990,921,1053,1142,0,0,0,0,0,0,0,0,0,0,0,0,1042,1251,960,954,1105,1031,1117,1179
SYC,Seychelles,US$ Mn,129,141,157,135,136,139,146,164,171,172,192,228,326,309,257,274,291,388,430,398,28,28,28,26,21,24,23,33,36,34,39,36,43,39,35,38,40,35,37,37
SLE,Sierra Leone,US$ Mn,57,29,10,6,6,10,14,38,60,58,64,23,22,34,25,26,44,47,66,35,50,36,18,13,44,32,42,39,37,30,32,12,14,24,13,13,14,15,20,19
SGP,Singapore,US$ Mn,7611,7402,6326,4603,5089,5142,4641,4458,3842,5327,6209,7536,9066,10615,9225,14178,18086,18939,19301,19203,4663,5015,4358,3222,4217,4535,6600,8212,8382,9291,10070,11268,13503,16340,15704,18700,21498,22957,24178,23931
SXM,Sint Maarten,US$ Mn,349,322,379,430,443,511,484,489,538,626,659,651,662,663,616,674,719,842,857,914,59,62,65,99,171,127,137,140,144,80,94,86,83,88,81,83,88,92,89,88
SVK,Slovakia,US$ Mn,623,673,545,488,461,433,641,736,865,905,1210,1521,2026,2589,2341,2228,2431,2295,2556,2577,321,482,439,475,339,296,289,442,573,745,844,1060,1533,2165,2098,1944,2186,2138,2367,2468
SVN,Slovenia,US$ Mn,1084,1240,1181,1088,958,961,1001,1086,1342,1624,1795,1960,2283,2696,2520,2540,2755,2570,2707,2730,575,604,518,561,542,511,528,608,753,868,950,974,1144,1357,1278,1214,1143,932,922,974
SLB,Solomon Islands,US$ Mn,15.7,13.9,7.1,6.6,5.7,3.9,5.2,0.7,1.5,3.5,1.6,21.1,22.6,27.5,33.4,43.5,57.3,54.1,60.6,55.3,13.5,15.2,9,5.8,7.2,9.6,6.6,5.8,4.4,9,4.7,22.2,29,34,31.8,47.2,64.9,67.9,67.7,64.4
ZAF,South Africa,US$ Mn,2126,2615,2851,2854,2800,2677,2569,2923,5712,6513,7516,8120,8779,7956,7624,9085,9515,9996,9245,9338,1849,1755,1961,1908,2028,2085,1878,1811,2889,3157,3374,3384,3927,4404,4152,5595,5283,4069,3429,3169
ESP,Spain,US$ Mn,25368,27168,26185,29117,31214,29802,30550,31880,39634,45067,49565,53160,59910,64422,55748,54305,62447,57877,62584,65100,4539,5057,4681,5288,5862,5922,6529,7295,9071,12153,15175,16824,19870,20540,17133,16930,17375,15401,16434,17969
LKA,Sri Lanka,US$ Mn,226,166,209,230,273,248,213,363,441,513,429,410,385,342,350,576,830,1039,1715,2431,186,176,180,202,218,240,250,263,279,296,314,373,393,428,411,453,501,710,1188,1263
SDN,Sudan,US$ Mn,8,8,4,2,2,5,3,108,17,21,114,194,390,255,231,82,179,772,773,967,43,28,33,29,35,55,74,91,119,176,667,1414,1477,1268,868,1127,937,699,460,439
SUR,Suriname,US$ Mn,21,14,9,2,9,16,14,3,4,17,45,95,67,77,64,61,61,71,84,95,3,8,11,11,13,23,23,10,6,14,17,18,22,30,32,39,42,51,70,87
SWZ,Swaziland,US$ Mn,48,38,40,47,12,21,21,43,70,75,77,75,32,26,40,51,21,30,13,15,43,42,38,58,34,31,30,26,22,48,49,49,51,46,72,61,69,72,76,89
SWE,Sweden,US$ Mn,3471,3686,3600,4188,4132,4064,4253,4710,5304,6198,6665,8677,10586,10324,8138,8653,10581,10608,11535,12696,5448,6253,6518,7719,8022,8048,6921,7301,8296,10165,10306,10378,12512,13630,11268,13065,15446,15628,17620,18520
CHE,Switzerland,US$ Mn,9459,8891,7945,7991,6839,6652,6782,7260,8614,9595,10044,10805,12172,14465,14143,14724,17196,16088,16767,17475,7420,7626,6987,6814,5767,5419,5141,5537,6883,8104,8803,9237,10109,10912,10934,11173,13753,15183,16147,17128
SYR,Syrian Arab Republic,US$ Mn,1258,1165,1013,1017,1031,1082,1150,970,773,1800,1944,2025,2884,3150,3757,6190,1753,0,0,0,0,498,513,545,583,631,669,670,760,700,650,550,540,645,800,882,1510,774,0,0,0,0
TJK,Tajikistan,US$ Mn,0,0,0,0,0,0,0,1.6,1.5,1.2,2,2,3,4,2,4,3,3,3,4,0,0,0,0,0,0,0,1.7,2.1,3.4,4,6,7,11,6,18,8,7,7,10
THA,Thailand,US$ Mn,8035,9089,7660,6174,7028,7483,7075,7901,7856,10043,9577,13393,16667,18163,16058,20116,27186,33856,41780,38433,4271,4286,3416,1960,2474,2772,2924,3303,2921,4514,3800,4598,5143,5003,4433,5623,5716,6242,6475,7070
MKD,The Former Yugoslav Republic of Macedonia,US$ Mn,19,21,14,17,40,38,26,39,57,72,89,129,186,228,218,197,240,234,267,295,27,26,27,32,32,34,39,44,48,55,62,71,102,136,100,92,113,111,131,149
TLS,Timor-Leste,US$ Mn,0,0,0,0,0,0,0,0,0,0,0,20,26,14,16,24,18,21,29,35,0,0,0,0,0,0,0,0,0,0,0,2,3,40,58,52,49,73,40,66
TGO,Togo,US$ Mn,13,10,12,11,7,8,11,13,15,19,20,21,34,40,68,66,98,111,125,0,0,18,3,5,3,3,2,5,5,7,8,8,5,17,19,47,46,57,34,45,0,0
TON,Tonga,US$ Mn,10,13,16,8,9,7,6.8,5.9,10.3,12.8,14.9,15.7,14.4,19,16,26.9,30,44,45.2,0,0,0,0,0,0,0,0,3.2,3.2,3.3,6.1,3.8,8.1,9.9,8.7,7.2,8.6,13.7,15.8,20.3,0,0
TTO,Trinidad and Tobago,US$ Mn,77,108,193,201,210,213,201,242,249,341,453,382,463,397,367,450,472,0,0,0,0,69,76,72,67,83,147,151,186,107,96,180,93,94,75,105,71,150,0,0,0,0
TUN,Tunisia,US$ Mn,1530,1588,1543,1657,1827,1682,1751,1523,1583,1970,2143,2275,2575,2953,2773,2645,1914,2227,2191,2359,251,251,235,235,239,263,273,260,300,340,374,410,437,458,415,547,607,593,675,681
TUR,Turkey,US$ Mn,4957,5650,7002,7177,5203,7636,10067,11901,13203,15888,19191,17457,19430,23365,22980,22585,25054,25345,27997,29552,911,1265,1716,1754,1471,1713,1738,1880,2113,2524,3104,2989,3649,3824,4575,5194,4883,4094,4817,5072
TKM,Turkmenistan,US$ Mn,0,7,33,0,0,0,0,0,0,0,0,0,0,0,0,0,0,0,0,0,0,0,73,125,0,0,0,0,0,0,0,0,0,0,0,0,0,0,0,0,0,0
TUV,Tuvalu,US$ Mn,0,0,0,0,0,0,0,0,0,0,1.19,1.18,1.51,1.87,1.53,2.35,2.44,2.67,2.37,0,0,0,0,0,0,0,0,0,0,0,0,4.04,4.96,5.89,7.23,6.28,7.41,9.65,9.5,6.05,0,0
UGA,Uganda,US$ Mn,78,117,135,144,151,165,165,171,184,267,380,346,398,498,667,784,960,1135,1334,792,80,135,113,95,0,0,0,0,0,108,124,123,132,156,192,320,405,484,555,222
UKR,Ukraine,US$ Mn,191,230,270,315,327,394,573,788,935,2560,3125,3485,4597,5768,3576,3788,4294,4842,5083,1612,210,308,305,340,364,470,566,657,789,2463,2805,2834,3569,4023,3330,3742,4461,5104,5763,5061
GBR,United Kingdom,US$ Mn,20487,21389,22586,23689,22716,21769,18864,20549,22668,28202,30975,35207,39177,36951,30987,32969,35767,37324,41747,46723,24926,25962,28529,33452,37034,38262,37931,41744,47853,56444,62318,66364,75810,75731,55975,55663,56767,57062,58351,63424
TZA,United Republic of Tanzania,US$ Mn,502,473,339,399,464,377,615,635,647,746,824,950,1199,1289,1160,1255,1353,1713,1853,2006,360,412,407,493,370,337,327,337,353,445,554,534,595,721,766,830,899,967,1034,1102
USA,United States of America,US$ Mn,74834,81772,86175,85001,92050,100716,91922,88136,86444,97758,101469,105141,119037,133765,119900,137010,150866,161633,172900,177241,46379,49672,53808,58451,61567,67860,63689,62671,61966,71034,79990,84206,89235,92546,81421,86623,89701,100337,104107,110788
URY,Uruguay,US$ Mn,611,717,759,695,653,713,611,351,345,494,594,598,809,1051,1321,1509,2203,2076,1922,1760,236,192,264,265,280,281,257,178,169,194,252,213,239,358,336,419,644,878,1312,1356
UZB,Uzbekistan,US$ Mn,0,0,0,0,0,27,22,22,24,28,28,43,51,64,99,121,0,0,0,0,0,0,0,0,0,0,0,0,0,0,0,0,0,0,0,0,0,0,0,0,0
VUT,Vanuatu,US$ Mn,45,56,53,60,50,56,46,54,64,75,85,92,119,169,190,217,223,241,287,257,5,5,5,8,9,9,8,9,12,13,11,9,11,29,24,30,35,37,41,37
VEN,Venezuela,US$ Mn,849,884,558,703,581,423,615,434,331,502,650,768,895,1030,990,740,739,844,858,0,0,1714,2233,755,891,1039,1058,1108,981,859,1077,1276,1229,1542,1812,1609,1617,2211,2377,3230,0,0
YEM,Yemen,US$ Mn,50,55,70,84,61,73,38,38,139,139,181,181,425,886,899,1161,780,848,940,1026,76,78,124,130,136,70,79,78,77,126,167,162,184,183,214,183,182,73,86,77
ZMB,Zambia,US$ Mn,0,0,29,40,53,67,80,64,88,92,447,506,599,542,474,492,555,518,552,642,0,0,26,24,43,44,44,47,49,55,57,63,73,118,96,105,111,165,210,222
